<?xml version="1.0" encoding="UTF-8"?>
<!DOCTYPE mapper PUBLIC "-//mybatis.org//DTD Mapper 3.0//EN"
"http://mybatis.org/dtd/mybatis-3-mapper.dtd">

<!-- com.oracle.s202350101.뒤에 매핑하고 싶은 모델쓰면 됩니다 
	 mapper 여러개 쓰셔도 됩니다. -->
	 
	 
<mapper namespace="com.oracle.s202350101.PrjInfoMapper">
	
	<select id="ljhPrjInfoSelOne" parameterType="int" resultType="PrjInfo">
		SELECT	project_name, project_startdate, project_enddate
	 	FROM	prj_info
	 	WHERE	project_id = #{project_id}
	</select>
	
	<select id="ljhMeetingDateList" parameterType="int" resultType="Meeting">
		SELECT	*
		FROM	meeting
		WHERE	project_id = #{project_id}
	</select>
	
	<select id="ljhMeetingList" parameterType="int" resultType="Meeting">
		SELECT	*
		FROM	meeting
		WHERE	project_id = #{project_id}
		AND     meeting_status IN (2, 3)
	</select>
	
	<select id="ljhMeetingRead" parameterType="int" resultType="Meeting">
		SELECT	m.*, u.user_name
		FROM	meeting m, meeting_member m2, user_info u
		WHERE	m.meeting_id = #{meeting_id}
		AND		m.meeting_id = m2.meeting_id
		AND     m2.user_id = u.user_id
	</select>
	
	<select id="ljhPrjMemList" parameterType="int" resultType="PrjMemList">
		SELECT  u.user_name, p.user_id
		FROM    user_info u, prj_mem_list p
		WHERE   u.user_id = p.user_id
		AND     p.project_id = #{project_id}
	</select>
	
	<insert id="ljhMeetingInsert" parameterType="Meeting">
		INSERT ALL
		INTO meeting VALUES (max(meeting_id)+1, #{project_id}, #{meeting_date}, #{meeting_title}, #{meeting_place}, #{user_id}, #{meeting_category}, #{meeting_content}, 1, savedName, uploadPath}
		INTO meeting_member VALUES (max(meeting_id)+1, #{project_id}, #{meeting_member})
		SELECT *
		FROM dual
	</insert>
	
<!-- 	
	UPDATE	meeting m, meeting_member m2
	SET		m.meeting_title = #{meeting_title}, m.meeting_date = #{meeting_date},
	        m.meeting_place = #{meeting_place}, m.meeting_category = #{meeting_category},
	        m.meeting_content = #{meeting_content},
	        <if test="#{attach_name} != null"> m.attach_name = #{attach_name}, </if> 
	        <if test="#{attach_path} != null"> m.attach_path = #{attach_path}, </if>
	        m.user_id = #{user_id}
	WHERE	meeting_id = #{meeting_id}
	AND     project_id = #{project_id}
	AND     m2.user_id = m.user_id
 -->		
	
</mapper>
